city,cloud,country,date,humidity,lat,lng,max_temp,wind_spd
atuona,92,PF,1547483370,100,-9.8,-139.03,81.15,13.47
westport,75,IE,1547481600,93,53.8,-9.52,44.6,5.82
san cristobal,20,EC,1547481600,49,-0.39,-78.55,68.0,4.7
souillac,90,FR,1547481600,66,45.6,-0.6,50.0,10.29
hilo,75,US,1547481180,63,19.71,-155.08,68.0,6.93
new norfolk,75,AU,1547481600,88,-42.78,147.06,64.4,4.7
havoysund,40,NO,1547481000,86,71.0,24.66,26.6,2.24
takoradi,24,GH,1547483371,97,4.89,-1.75,83.71,10.78
lebu,0,ET,1547478000,11,8.96,38.73,73.4,9.17
castro,0,CL,1547481600,52,-42.48,-73.76,66.2,6.93
iqaluit,90,CA,1547481600,70,63.75,-68.52,-2.21,14.99
panguna,80,PG,1547483372,84,-6.32,155.48,74.22,2.84
avarua,40,CK,1547481600,83,-21.21,-159.78,77.0,5.82
taltal,0,CL,1547483373,73,-25.41,-70.49,68.55,2.73
longyearbyen,20,NO,1547481000,77,78.22,15.63,6.8,11.41
kosa,92,RU,1547483373,85,59.94,54.99,15.22,9.22
saskylakh,0,RU,1547483373,0,71.97,114.09,-55.34,7.87
pacific grove,90,US,1547481600,66,36.62,-121.92,53.96,4.7
egvekinot,80,RU,1547483374,41,66.32,-179.17,-14.26,10.0
cabra,0,ES,1547481600,36,37.47,-4.43,64.4,4.7
nikolskoye,90,RU,1547481600,95,59.7,30.79,32.0,11.18
port alfred,0,ZA,1547483374,81,-33.59,26.89,74.26,6.87
husavik,32,CA,1547483374,88,50.56,-96.99,8.25,5.64
hasaki,20,JP,1547481600,100,35.73,140.83,37.4,6.93
salta,90,AR,1547481600,88,-24.79,-65.41,73.4,5.82
jinxiang,56,CN,1547483375,82,35.07,116.31,30.21,3.4
luderitz,0,NA,1547483375,63,-26.65,15.16,70.26,22.86
mitzic,32,GA,1547483375,78,0.78,11.55,81.46,2.73
airai,48,TL,1547483376,92,-8.93,125.41,70.62,1.39
baley,0,RU,1547483376,46,51.58,116.65,-16.73,4.97
cortland,1,US,1547482500,92,42.6,-76.18,17.06,3.36
newport,90,GB,1547481000,75,51.59,-3.0,46.4,9.17
chippewa falls,90,US,1547482500,89,44.94,-91.39,30.2,6.93
gushikawa,1,JP,1547481600,87,26.35,127.87,64.4,8.05
sao filipe,8,CV,1547483377,92,14.9,-24.5,73.99,16.26
bethel,90,US,1547481360,72,60.79,-161.76,37.94,13.87
jamestown,0,AU,1547483292,65,-33.21,138.6,72.42,5.64
stephenville,90,US,1547482500,85,32.22,-98.2,36.86,3.36
tahoua,0,NE,1547481600,7,14.89,5.26,84.2,6.93
rikitea,80,PF,1547483379,97,-23.12,-134.97,79.71,10.0
thompson,75,CA,1547481600,75,55.74,-97.86,-16.61,3.36
linjiang,36,CN,1547483379,57,41.81,126.91,0.91,3.18
georgetown,75,GY,1547481600,74,6.8,-58.16,82.4,13.87
boralday,40,KZ,1547481600,92,43.36,76.86,15.8,4.47
vaini,0,IN,1547483380,47,15.34,74.49,74.17,5.41
gandiaye,0,SN,1547481600,19,14.24,-16.27,102.2,8.99
sao joao da barra,0,BR,1547481600,49,-21.64,-41.05,89.6,9.17
margate,75,AU,1547481600,88,-43.03,147.26,64.4,4.7
talnakh,80,RU,1547483381,71,69.49,88.39,0.96,19.06
busselton,0,AU,1547483381,100,-33.64,115.35,62.74,24.99
vostok,80,RU,1547483381,76,46.45,135.83,6.49,2.17
whitianga,76,NZ,1547483381,100,-36.83,175.7,62.29,8.43
nyaunglebin,44,MM,1547483391,80,17.95,96.73,70.98,3.4
puerto ayora,75,EC,1547481600,94,-0.74,-90.35,75.2,13.87
bluff,0,AU,1547483392,71,-23.58,149.07,76.24,11.01
ankang,80,CN,1547483392,49,32.73,108.99,27.91,2.73
catalina,40,CO,1547481600,66,8.86,-75.38,87.8,4.74
adrar,0,DZ,1547481600,26,27.87,-0.29,60.8,11.41
grindavik,75,IS,1547481600,69,63.84,-22.43,39.2,25.28
punta arenas,75,CL,1547481600,58,-53.16,-70.91,57.2,28.86
mantua,20,IT,1547481300,57,45.16,10.79,57.2,9.17
cape town,0,ZA,1547481600,60,-33.93,18.42,69.8,12.75
kapaa,90,US,1547481360,75,22.08,-159.32,71.96,10.29
dinanagar,0,IN,1547483393,82,32.14,75.47,39.03,2.17
barrow,0,AR,1547483393,77,-38.31,-60.23,78.09,4.63
half moon bay,90,US,1547481360,71,37.46,-122.43,53.06,6.93
ribeira grande,75,PT,1547479800,67,38.52,-28.7,62.6,10.29
butaritari,92,KI,1547483394,100,3.07,172.79,83.22,13.58
namatanai,80,PG,1547483394,100,-3.66,152.44,81.37,14.7
peniche,20,PT,1547479800,67,39.36,-9.38,59.0,5.82
longjiang,20,CN,1547483394,31,47.33,123.18,7.17,16.15
onega,64,RU,1547483395,80,63.91,38.09,19.09,11.79
lufilufi,56,WS,1547483161,100,-13.87,-171.6,82.05,12.8
lentekhi,56,GE,1547483395,83,42.79,42.72,31.24,1.61
tikrit,0,IQ,1547483395,61,34.62,43.68,49.56,5.86
albany,20,US,1547481360,63,42.65,-73.75,17.6,6.93
faanui,88,PF,1547483395,100,-16.48,-151.75,80.25,12.8
lesogorsk,68,RU,1547483396,57,56.05,99.51,2.13,4.29
pedernales,92,EC,1547483396,100,0.07,-80.05,72.01,4.41
porto novo,40,BR,1547481600,52,-23.68,-45.44,87.8,4.7
kidal,0,ML,1547483396,21,18.44,1.41,81.15,4.63
meulaboh,92,ID,1547483396,100,4.14,96.13,77.82,4.29
xining,64,CN,1547483397,80,36.62,101.77,5.46,3.18
tacna,40,PE,1547481600,56,-18.01,-70.25,75.2,4.7
mwingi,76,KE,1547483397,56,-0.93,38.07,76.2,8.32
namibe,75,AO,1547478000,61,-15.19,12.15,77.0,17.22
dryden,90,CA,1547481600,92,49.79,-92.84,15.8,5.82
maumere,88,ID,1547483397,100,-8.63,122.22,75.52,2.84
upernavik,12,GL,1547483397,100,72.79,-56.15,-12.01,14.92
acapulco,75,MX,1547480880,69,16.86,-99.88,80.6,3.96
surt,0,LY,1547483398,90,31.21,16.59,60.27,19.17
yellowknife,90,CA,1547481600,68,62.45,-114.38,-16.61,14.99
kilindoni,32,TZ,1547483398,98,-7.91,39.67,84.61,9.1
dingle,76,PH,1547483398,83,11.0,122.67,75.97,15.59
aripuana,8,BR,1547483399,78,-9.17,-60.63,81.96,2.95
bubaque,0,GW,1547483399,78,11.28,-15.83,86.46,4.18
daru,0,SL,1547483399,33,7.99,-10.85,95.14,4.29
mataura,20,NZ,1547483399,84,-46.19,168.86,39.75,2.73
myra,0,NO,1547483399,67,58.75,8.86,33.18,15.48
huarmey,0,PE,1547483400,72,-10.07,-78.15,74.89,4.29
chuy,24,UY,1547483214,100,-33.69,-53.46,79.21,5.86
bettendorf,90,US,1547481360,87,41.53,-90.51,26.6,6.93
kavaratti,0,IN,1547483400,100,10.57,72.64,82.81,7.76
teguise,0,ES,1547481600,59,29.06,-13.56,66.2,9.17
marawi,8,PH,1547483410,97,8.0,124.29,59.54,2.17
hue,40,VN,1547481600,100,16.47,107.58,69.8,2.24
mahebourg,40,MU,1547481600,69,-20.41,57.7,82.4,10.29
gondal,0,IN,1547483411,53,21.96,70.8,61.61,9.1
ancud,0,CL,1547481600,52,-41.87,-73.83,66.2,6.93
fairbanks,1,US,1547481480,84,64.84,-147.72,-0.05,3.74
lawrence,90,US,1547482140,88,38.97,-95.24,28.4,5.82
taclobo,24,PH,1547483412,98,12.31,122.59,79.34,19.17
belaya gora,64,RU,1547483412,39,68.54,146.19,-25.29,6.98
waynesville,90,US,1547482500,99,37.83,-92.2,30.92,4.7
saint-pierre,75,FR,1547481600,81,48.95,4.24,44.6,10.29
ushuaia,40,AR,1547481600,54,-54.81,-68.31,59.0,18.34
saint george,75,GR,1547482800,69,39.45,22.34,39.2,5.82
san vicente,0,SV,1547482020,40,13.64,-88.78,89.6,13.87
tasiilaq,68,GL,1547481000,56,65.61,-37.64,14.0,18.34
teguldet,8,RU,1547483414,80,57.31,88.17,10.58,5.53
kununurra,40,AU,1547482320,88,-15.77,128.74,78.8,8.05
bilibino,12,RU,1547483414,0,68.06,166.44,-46.35,2.28
carauari,36,BR,1547483414,71,-4.88,-66.9,86.86,3.74
port elizabeth,20,US,1547481360,70,39.31,-74.98,28.94,10.29
bredasdorp,0,ZA,1547481600,44,-34.53,20.04,77.0,16.11
hope,1,CA,1547481600,74,49.38,-121.43,37.4,19.46
qaanaaq,0,GL,1547483416,88,77.48,-69.36,-28.48,8.55
cockburn town,32,TC,1547483416,99,21.46,-71.14,79.16,9.22
sorland,40,NO,1547481000,100,67.67,12.69,32.0,25.28
saint-philippe,1,CA,1547482620,85,45.36,-73.48,12.2,4.7
kamaishi,0,JP,1547483417,90,39.28,141.86,19.31,2.73
nouadhibou,0,MR,1547478000,13,20.93,-17.03,75.2,9.17
fergus falls,90,US,1547482560,100,46.28,-96.08,24.8,4.7
porto belo,20,BR,1547481600,79,-27.15,-48.54,87.8,13.87
progreso,75,UY,1547481600,88,-34.68,-56.22,75.2,12.75
alofi,40,NU,1547481600,88,-19.06,-169.92,77.0,3.36
mar del plata,8,AR,1547483418,23,-46.43,-67.52,83.62,8.55
netanya,40,IL,1547481000,77,32.33,34.86,60.8,18.34
torbay,20,CA,1547481600,73,47.66,-52.73,26.6,23.04
yumen,64,CN,1547483419,73,40.29,97.04,2.44,4.52
caravelas,0,BR,1547483420,100,-17.73,-39.27,81.19,11.68
cayenne,90,GF,1547481600,70,4.94,-52.33,84.2,10.29
katsuura,40,JP,1547481600,86,33.93,134.5,37.4,9.17
nanortalik,68,GL,1547483420,97,60.14,-45.24,28.36,11.68
nome,90,US,1547482500,64,30.04,-94.42,48.02,8.05
innisfail,75,CA,1547481600,85,52.02,-113.95,10.4,2.95
tvoroyri,92,FO,1547481000,86,61.56,-6.81,30.2,4.7
tuy hoa,80,VN,1547483421,95,13.08,109.3,72.05,11.68
geraldton,90,CA,1547481600,79,49.72,-86.95,19.4,10.29
sitka,0,US,1547483422,81,37.17,-99.65,41.09,5.64
palmer,0,AU,1547481600,49,-34.85,139.16,71.6,6.93
dymer,92,UA,1547482140,92,50.78,30.31,28.4,13.42
tuktoyaktuk,75,CA,1547481600,75,69.44,-133.03,-13.01,17.22
tripoli,75,GR,1547481000,76,37.51,22.37,50.0,1.72
najran,0,SA,1547481600,15,17.54,44.22,77.0,4.7
bay roberts,20,CA,1547481600,68,47.58,-53.28,26.6,11.41
port lincoln,88,AU,1547483170,80,-34.72,135.86,70.62,2.84
faya,0,SA,1547481600,48,18.39,42.45,60.8,3.62
hithadhoo,76,MV,1547483434,100,-0.6,73.08,82.31,6.42
clyde river,40,CA,1547481600,65,70.47,-68.59,-34.61,9.17
aklavik,5,CA,1547481600,68,68.22,-135.01,-20.21,9.17
naze,40,NG,1547481600,56,5.43,7.07,93.2,8.05
hobart,75,AU,1547481600,88,-42.88,147.33,64.4,4.7
sibu,75,MY,1547478000,94,2.29,111.83,77.0,2.39
honiara,36,SB,1547483435,100,-9.43,159.96,72.64,1.39
ahipara,80,NZ,1547483435,96,-35.17,173.16,62.24,17.27
chimore,44,BO,1547483435,86,-16.98,-65.13,79.7,3.74
karratha,0,AU,1547483435,82,-20.74,116.85,77.9,5.53
manoel urbano,44,BR,1547483436,69,-8.84,-69.26,86.59,3.18
barra patuca,32,HN,1547483436,81,15.8,-84.28,81.82,12.46
nicoya,20,CR,1547481600,51,10.15,-85.45,84.2,21.92
fare,80,PF,1547483436,100,-16.7,-151.02,79.25,14.81
hermanus,0,ZA,1547483436,53,-34.42,19.24,67.42,3.74
nizhniy kuranakh,20,RU,1547483437,32,58.84,125.49,-22.99,2.39
victoria,75,BN,1547481600,100,5.28,115.24,78.8,8.66
aguimes,0,ES,1547481600,42,27.91,-15.45,68.0,6.93
trairi,44,BR,1547483437,100,-3.28,-39.27,79.12,6.76
dikson,76,RU,1547483437,92,73.51,80.55,5.32,24.54
carnarvon,0,ZA,1547483438,12,-30.97,22.13,77.63,10.45
port blair,64,IN,1547483438,100,11.67,92.75,82.58,11.45
ossora,0,RU,1547483438,68,59.24,163.07,-9.45,9.33
san quintin,0,PH,1547483438,78,17.54,120.52,63.19,2.95
manacor,0,ES,1547481600,62,39.57,3.21,59.0,5.82
dicabisagan,36,PH,1547483438,100,17.08,122.42,71.74,1.95
east london,20,ZA,1547481600,65,-33.02,27.91,77.0,12.75
rocha,8,UY,1547483439,69,-34.48,-54.34,82.72,9.44
sisimiut,24,GL,1547483439,100,66.94,-53.67,-23.49,1.72
kavieng,44,PG,1547483439,100,-2.57,150.8,84.02,13.69
tara,75,JP,1547481600,93,33.0,130.15,37.4,3.36
kruisfontein,0,ZA,1547483440,85,-34.0,24.73,68.09,5.53
kangalassy,36,RU,1547481600,57,62.35,129.97,-45.41,3.18
mlimba,80,TZ,1547483440,91,-8.78,35.81,74.3,2.39
esperance,20,TT,1547481600,51,10.24,-61.45,86.0,9.17
vanimo,48,PG,1547483441,100,-2.67,141.3,81.95,17.94
srednekolymsk,76,RU,1547483441,35,67.46,153.71,-23.35,4.41
andros town,20,BS,1547481600,41,24.73,-77.79,77.0,8.05
moindou,40,NC,1547481600,88,-21.69,165.68,69.8,4.18
hanzhong,92,CN,1547483441,74,33.08,107.03,28.04,2.39
buraydah,75,SA,1547481600,44,26.33,43.97,59.0,12.75
luwuk,76,ID,1547483442,100,-0.95,122.79,75.92,2.84
rabo de peixe,40,PT,1547479800,72,37.8,-25.58,64.4,11.41
vardo,90,US,1547482500,53,39.62,-77.74,32.0,6.93
lagoa,0,PT,1547479800,51,37.14,-8.45,60.8,8.05
taoudenni,0,ML,1547483442,20,22.68,-3.98,60.67,8.55
bridlington,8,GB,1547481000,80,54.08,-0.19,44.6,2.24
dospat,88,BG,1547483453,86,41.65,24.16,24.17,2.17
pevek,64,RU,1547483453,100,69.7,170.27,-21.6,8.1
helong,92,CN,1547483453,98,25.94,116.13,51.67,2.95
puerto baquerizo moreno,90,EC,1547481600,88,-0.9,-89.6,77.0,8.05
ponta do sol,8,BR,1547483457,61,-20.63,-46.0,86.54,4.85
kharela,0,IN,1547483457,50,25.55,79.82,49.37,6.64
vao,44,EE,1547483457,84,59.1,26.19,26.42,12.12
iberia,88,PE,1547483457,86,-11.41,-69.49,78.98,2.73
san jeronimo,90,PE,1547481600,53,-13.65,-73.37,51.8,6.93
hanyang,92,CN,1547483461,43,32.14,105.51,38.71,6.76
shubarkuduk,68,KZ,1547483461,86,49.15,56.49,19.94,4.41
sebezh,92,RU,1547483461,97,56.29,28.48,32.41,9.78
provideniya,56,RU,1547483465,100,64.42,-173.23,16.66,24.65
shaunavon,0,CA,1547483465,69,49.65,-108.41,26.56,6.64
sioux lookout,90,CA,1547481600,78,50.1,-91.92,17.6,5.82
ouro fino,24,BR,1547483465,67,-22.28,-46.37,82.31,3.85
hovd,90,NO,1547481000,75,63.83,10.7,32.0,14.99
petropavlovsk-kamchatskiy,75,RU,1547481600,85,53.05,158.65,15.8,8.95
pisco,20,PE,1547481600,30,-13.71,-76.2,71.6,10.29
nova vicosa,0,BR,1547483466,62,-17.89,-39.37,87.53,12.35
saint-francois,0,FR,1547481600,75,46.42,3.91,44.6,6.93
leningradskiy,88,RU,1547483467,96,69.38,178.42,-8.05,13.47
alice springs,0,AU,1547481600,21,-23.7,133.88,80.6,7.43
khatanga,56,RU,1547483467,32,71.98,102.47,-21.73,16.6
longkou,0,CN,1547483467,100,37.64,120.47,31.24,15.14
umm kaddadah,12,SD,1547483467,37,13.6,26.69,62.87,8.43
henderson,1,US,1547481480,54,36.04,-114.98,46.94,3.36
narsaq,75,GL,1547481000,63,60.91,-46.05,28.4,1.12
pangnirtung,90,CA,1547481600,63,66.15,-65.72,-7.61,13.87
trelew,0,AR,1547483411,23,-43.25,-65.31,93.61,8.99
touros,36,BR,1547483468,81,-5.2,-35.46,83.39,8.88
biak,76,ID,1547483469,100,-0.91,122.88,75.92,2.84
tiksi,44,RU,1547483469,0,71.64,128.87,-35.82,1.72
kulotino,92,RU,1547483469,87,58.46,33.37,30.34,14.03
asaba,24,NG,1547483469,61,6.19,6.75,87.62,9.1
norman wells,75,CA,1547481600,75,65.28,-126.83,-16.61,4.7
vila velha,75,BR,1547481600,83,-3.71,-38.6,80.6,8.05
klaksvik,92,FO,1547481000,86,62.23,-6.59,30.2,4.7
mareeba,90,AU,1547481600,88,-16.99,145.42,77.0,11.41
kawalu,64,ID,1547483471,98,-7.38,108.21,66.65,2.17
arraial do cabo,20,BR,1547481600,69,-22.97,-42.02,82.4,25.28
qaqortoq,75,GL,1547481000,63,60.72,-46.03,28.4,1.12
cherskiy,12,RU,1547483471,0,68.75,161.3,-32.89,3.18
uvira,68,CD,1547483472,100,-3.41,29.14,66.34,3.4
kichmengskiy gorodok,88,RU,1547483472,82,59.99,45.81,22.06,10.22
port macquarie,0,AU,1547481600,88,-31.43,152.91,69.8,9.17
zatoka,75,PL,1547481600,74,50.04,20.52,28.4,17.22
sozimskiy,76,RU,1547483473,82,59.74,52.25,15.8,6.64
yanam,32,IN,1547481600,68,16.73,82.22,71.6,9.17
waingapu,68,ID,1547483473,100,-9.65,120.26,74.66,5.64
griffith,0,AU,1547481600,30,-34.29,146.06,84.2,5.82
inta,76,RU,1547483483,79,66.04,60.13,16.7,6.98
yar-sale,64,RU,1547483484,92,66.83,70.83,12.11,12.46
antalaha,92,MG,1547483484,100,-14.9,50.28,75.61,7.09
chokurdakh,64,RU,1547483484,36,70.62,147.9,-23.8,3.06
kampene,92,CD,1547483488,96,-3.59,26.67,71.24,2.28
mahibadhoo,92,MV,1547483488,100,3.78,72.97,82.04,14.14
barcelos,0,PT,1547479800,62,41.53,-8.62,55.4,3.36
gizo,75,IL,1547482800,82,31.8,34.94,60.8,8.05
beira,20,ES,1547481600,66,43.2,-8.36,55.4,5.82
okha,32,RU,1547483488,89,53.59,142.95,-6.52,9.55
ust-omchug,20,RU,1547483488,46,61.13,149.63,-30.64,2.51
avera,90,US,1547482500,85,33.19,-82.53,46.4,8.05
constitucion,75,MX,1547480940,49,23.99,-104.67,48.2,3.36
vaitape,92,PF,1547483489,100,-16.52,-151.75,79.16,13.13
palauig,0,PH,1547483489,100,15.44,119.9,71.15,6.98
ewo,76,CG,1547483489,86,-0.88,14.81,76.73,2.39
codrington,0,AU,1547481900,93,-28.95,153.24,68.0,5.82
saldanha,0,PT,1547483490,83,41.42,-6.55,39.74,5.64
saravena,12,CO,1547483490,58,6.96,-71.88,79.84,1.95
castelo branco,0,PT,1547483490,86,39.82,-7.5,44.51,2.62
bourail,0,NC,1547483490,96,-21.57,165.5,67.37,4.18
acari,56,BR,1547483490,61,-6.44,-36.64,83.48,9.22
lubango,75,AO,1547478000,30,-14.92,13.49,80.6,11.41
berlevag,75,NO,1547481000,92,70.86,29.09,24.8,12.75
lata,0,IN,1547483491,66,30.78,78.62,27.64,2.73
belmonte,0,PT,1547483491,76,40.36,-7.35,44.51,3.29
teahupoo,75,PF,1547481600,78,-17.83,-149.27,78.8,11.41
vershino-shakhtaminskiy,0,RU,1547483491,33,51.3,117.89,-10.57,5.86
la union,24,GT,1547483492,57,14.97,-89.29,75.29,3.96
ushirombo,36,TZ,1547483492,95,-3.47,31.9,61.66,2.84
komsomolskiy,88,RU,1547483492,79,67.55,63.78,8.15,12.91
eagle pass,90,MX,1547481480,66,28.71,-100.5,48.2,6.93
soe,88,EE,1547481000,100,57.91,26.05,30.2,11.41
davidson,75,US,1547482260,72,35.5,-80.85,42.08,3.51
chulym,8,RU,1547483493,70,55.09,80.97,13.28,16.82
cururupu,80,BR,1547483493,84,-1.82,-44.87,82.4,7.2
mnogovershinnyy,68,RU,1547483493,62,53.94,139.92,-7.92,2.73
siavonga,32,ZW,1547483494,63,-16.54,28.71,83.66,4.07
taksimo,44,RU,1547483494,33,56.36,114.84,-11.25,3.62
cabo san lucas,90,MX,1547480700,64,22.89,-109.91,73.4,4.74
bytow,0,PL,1547481600,58,54.17,17.49,30.2,19.46
severo-kurilsk,36,RU,1547483494,100,50.68,156.12,27.59,12.68
vila franca do campo,40,PT,1547479800,72,37.72,-25.43,64.4,11.41
steinbach,75,CA,1547481600,85,49.53,-96.69,12.2,5.82
semnan,90,IR,1547481600,81,35.58,53.39,44.6,4.63
kieta,32,PG,1547483496,100,-6.22,155.63,77.54,3.74
ilulissat,40,GL,1547481000,52,69.22,-51.1,-7.61,1.12
plettenberg bay,24,ZA,1547483496,100,-34.05,23.37,67.51,3.96
katobu,32,ID,1547483497,100,-4.94,122.53,79.97,9.55
isangel,68,VU,1547483497,100,-19.55,169.27,78.26,14.03
sharjah,0,AE,1547481600,60,25.36,55.39,75.2,10.29
kibala,8,TD,1547481600,43,9.11,18.35,93.2,9.17
point fortin,20,TT,1547481600,51,10.16,-61.68,86.0,9.17
tavda,0,RU,1547483508,69,58.04,65.27,7.34,6.76
atambua,36,ID,1547483508,100,-9.11,124.89,75.74,1.28
la ronge,90,CA,1547481600,78,55.1,-105.3,10.4,8.05
dunedin,12,NZ,1547483508,89,-45.87,170.5,37.54,2.95
savinka,92,RU,1547483509,92,50.08,47.1,26.92,11.56
lazaro cardenas,5,MX,1547480760,49,28.39,-105.62,42.8,4.41
kysyl-syr,24,RU,1547483509,55,63.9,122.77,-31.99,2.95
sabya,0,YE,1547483509,85,16.19,43.1,66.38,2.17
richards bay,20,ZA,1547483509,79,-28.77,32.06,79.39,7.76
myitkyina,12,MM,1547483509,88,25.38,97.4,53.42,2.17
port-cartier,90,CA,1547481600,71,50.03,-66.88,6.8,8.05
lasa,75,CY,1547481600,82,34.92,32.53,59.0,2.24
zhigansk,20,RU,1547483510,0,66.77,123.37,-31.14,3.62
vestmannaeyjar,90,IS,1547481600,86,63.44,-20.27,39.2,23.04
sedhiou,0,SN,1547481600,13,12.71,-15.56,104.0,2.24
oussouye,0,SN,1547478000,20,12.49,-16.54,100.4,4.7
douentza,32,ML,1547483511,22,15.01,-2.95,76.64,4.41
poronaysk,80,RU,1547483511,95,49.22,143.1,-0.04,2.39
erenhot,0,CN,1547483511,39,43.65,111.97,-13.9,6.76
wadi maliz,40,TN,1547481600,58,36.47,8.55,59.0,11.41
gouyave,40,GD,1547481600,69,12.16,-61.73,82.4,13.87
mount gambier,92,AU,1547481600,93,-37.83,140.78,57.2,2.39
kaitangata,24,NZ,1547483512,78,-46.28,169.85,41.59,2.95
calabasas,90,US,1547481480,80,34.14,-118.64,55.04,8.05
batticaloa,88,LK,1547483512,100,7.71,81.69,76.87,8.88
methoni,75,GR,1547481000,76,36.82,21.7,50.0,7.99
grand gaube,40,MU,1547481600,69,-20.01,57.66,82.4,10.29
broome,75,GB,1547481360,87,52.47,1.45,43.16,5.82
baruun-urt,0,MN,1547483513,24,46.68,113.28,-18.31,7.43
muravlenko,76,RU,1547483513,88,63.79,74.5,21.74,7.87
tateyama,32,JP,1547483513,100,36.66,137.31,11.21,2.17
kodiak,90,US,1547481300,95,39.95,-94.76,28.4,10.29
lorengau,92,PG,1547483514,98,-2.02,147.27,83.71,15.26
maniitsoq,20,GL,1547483514,100,65.42,-52.9,1.94,9.44
udachnyy,0,RU,1547483514,0,66.42,112.4,-56.92,2.51
pundaguitan,32,PH,1547483514,100,6.37,126.17,79.39,10.45
samarai,80,PG,1547483514,100,-10.62,150.67,81.5,12.01
nelson bay,0,AU,1547481600,78,-32.72,152.14,73.4,8.05
gerash,0,IR,1547481600,54,27.67,54.14,59.0,2.06
ellsworth,1,US,1547481360,56,44.54,-68.42,21.92,7.09
ostersund,0,SE,1547481000,73,63.18,14.64,23.0,17.22
camacha,40,PT,1547479800,63,33.08,-16.33,66.2,12.75
musoma,75,TZ,1547478000,54,-1.5,33.81,80.6,16.11
monrovia,40,LR,1547481600,52,6.33,-10.8,91.4,14.99
krasnoarmeysk,90,RU,1547481600,92,56.12,38.15,28.4,11.18
kovylkino,68,RU,1547483516,91,54.04,43.91,19.76,14.58
lazurne,36,UA,1547483516,94,46.77,34.99,34.88,12.01
namie,0,JP,1547483517,100,37.52,140.86,32.27,1.95
vrangel,76,RU,1547483517,100,42.73,133.08,32.99,4.74
hervey bay,40,AU,1547481600,94,-25.3,152.85,69.8,5.82
johi,0,PK,1547483527,92,26.69,67.61,53.06,2.73
carutapera,80,BR,1547483527,93,-1.2,-46.02,81.14,5.75
mbour,0,SN,1547481600,24,14.41,-16.97,91.4,8.05
jaguey grande,40,CU,1547481000,65,22.53,-81.13,77.0,10.29
chimbote,36,PE,1547483528,86,-9.08,-78.59,73.67,6.76
marsaxlokk,75,MT,1547482500,87,35.84,14.54,55.4,29.97
baykit,68,RU,1547483528,55,61.68,96.39,-6.07,3.18
manaure,20,CO,1547481600,45,11.78,-72.45,87.8,4.7
perth,20,GB,1547481000,87,56.4,-3.43,42.8,10.29
angouleme,90,FR,1547481600,76,45.65,0.15,50.0,9.17
tecpan,40,GT,1547481600,88,14.76,-90.99,64.4,16.11
darfo,0,IT,1547482800,25,45.88,10.18,57.2,10.29
arlit,0,NE,1547483529,46,18.74,7.39,61.84,2.95
goderich,48,CA,1547483513,89,43.74,-81.71,26.56,7.65
shumskiy,48,RU,1547483529,67,54.83,99.13,-6.16,2.17
itupiranga,40,BR,1547481600,78,-5.13,-49.33,82.4,4.7
lanivtsi,48,UA,1547483530,85,49.87,26.08,27.41,17.27
san patricio,48,PY,1547483530,62,-26.98,-56.83,91.31,7.09
wao,24,PH,1547483530,85,7.64,124.73,58.06,2.51
cidreira,32,BR,1547483530,99,-30.17,-50.22,82.27,3.62
jieshi,92,CN,1547483531,100,22.82,115.83,59.99,8.43
khani,0,GE,1547481600,56,41.96,42.96,42.8,6.93
mayo,5,CA,1547481600,74,63.59,-135.9,-23.81,2.62
vilhena,75,BR,1547478000,69,-12.74,-60.15,82.4,5.82
laguna,75,MX,1547480640,76,27.52,-110.01,57.2,3.4
azle,90,US,1547482500,83,32.9,-97.55,37.94,4.52
fortuna,0,ES,1547481600,26,38.18,-1.13,69.8,6.93
kloulklubed,75,PW,1547481060,74,7.04,134.26,78.8,11.41
polunochnoye,0,RU,1547483532,48,60.87,60.43,-2.83,4.63
yulara,0,AU,1547481600,19,-25.24,130.99,86.0,3.36
karwar,0,IN,1547483533,52,14.8,74.13,73.09,3.18
lotofaga,56,WS,1547483533,100,-13.98,-171.86,82.67,16.49
ewa beach,75,US,1547481420,83,21.32,-158.01,69.08,3.36
mandalgovi,0,MN,1547483533,36,45.76,106.27,-13.36,6.42
hualmay,12,PE,1547483533,69,-11.1,-77.61,77.32,6.42
adre,0,TD,1547483533,45,13.47,22.2,71.87,4.18
bozeman,1,US,1547481360,75,45.68,-111.04,23.0,4.7
santa isabel do rio negro,24,BR,1547483534,73,-0.41,-65.02,85.82,4.74
ixtapa,40,MX,1547481180,73,20.71,-105.21,75.2,1.05
hauterive,90,FR,1547481600,52,46.09,3.45,46.4,5.82
weyburn,68,CA,1547483273,83,49.67,-103.85,13.42,7.43
hofn,90,IS,1547481600,100,64.25,-15.21,32.0,18.34
burnie,92,AU,1547483534,91,-41.05,145.91,66.56,16.49
kromy,92,RU,1547483535,90,52.69,35.77,28.72,18.39
saint-denis,75,FR,1547481600,75,48.94,2.36,46.4,6.93
neiafu,20,TO,1547481600,94,-18.65,-173.98,78.8,2.24
hami,80,CN,1547483528,76,42.84,93.51,23.36,10.22
el real de santa maria,20,PA,1547483535,68,8.11,-77.73,85.96,9.22
beloha,68,MG,1547483535,83,-25.17,45.06,80.33,4.18
kahului,1,US,1547481600,89,20.89,-156.47,68.0,5.82
lavrentiya,92,RU,1547483546,100,65.58,-170.99,19.54,16.04
khartoum,12,SD,1547481600,11,15.59,32.54,80.6,9.17
katesh,68,TZ,1547483546,98,-4.52,35.39,62.33,4.29
svay rieng,36,KH,1547483546,76,11.08,105.8,75.61,7.31
awbari,0,LY,1547483546,66,26.59,12.77,39.16,5.19
ulaangom,0,MN,1547483547,33,49.98,92.07,-26.32,0.72
areia branca,40,BR,1547481600,58,-10.76,-37.31,86.0,10.29
college,1,US,1547481480,84,64.86,-147.8,-0.05,3.4
micheweni,20,TZ,1547483547,99,-4.97,39.83,82.85,10.78
atar,24,MR,1547483547,9,20.52,-13.05,81.14,2.95
sao jose da coroa grande,0,BR,1547483547,76,-8.9,-35.15,83.71,10.67
mitsamiouli,20,KM,1547481600,78,-11.38,43.28,82.4,4.7
sinnamary,24,GF,1547483548,89,5.38,-52.96,81.23,8.66
marsh harbour,0,BS,1547483548,100,26.54,-77.06,76.69,7.76
shimoda,0,JP,1547483548,100,34.7,138.93,49.28,11.45
neijiang,88,CN,1547483549,94,29.59,105.06,41.54,3.18
hohhot,0,CN,1547481600,29,40.81,111.65,5.0,4.47
zakamensk,0,RU,1547483549,0,50.38,103.29,-30.73,2.73
sanming,92,CN,1547483549,97,26.24,117.6,53.56,2.39
suntar,0,RU,1547483549,0,62.16,117.65,-35.19,2.95
bonthe,8,SL,1547483550,60,7.53,-12.5,87.08,5.75
flinders,56,AU,1547483550,87,-34.58,150.85,70.12,4.97
bonavista,8,CA,1547483550,100,48.65,-53.11,24.04,16.71
alepe,40,CI,1547481600,74,5.5,-3.66,87.8,12.75
khash,8,IR,1547483550,76,28.22,61.21,39.97,6.31
abeche,0,TD,1547478000,20,13.83,20.83,95.0,10.45
northam,75,GB,1547481000,65,51.04,-4.21,46.4,10.29
presidencia roque saenz pena,12,AR,1547483551,89,-26.79,-60.44,86.54,13.91
qasigiannguit,40,GL,1547481000,52,68.82,-51.19,-7.61,1.12
nizwa,0,OM,1547483551,92,22.93,57.53,56.21,4.07
makakilo city,75,US,1547481420,83,21.35,-158.09,69.08,3.36
lensk,56,RU,1547483552,65,60.71,114.91,-9.27,5.97
chapais,90,CA,1547482080,85,49.78,-74.86,10.4,9.17
masyaf,75,SY,1547481600,93,35.06,36.34,51.8,6.93
ponta delgada,40,PT,1547479800,72,37.73,-25.67,64.4,11.41
palmeiras de goias,0,BR,1547483552,60,-16.8,-49.93,89.11,7.65
oboga,0,RO,1547479800,86,44.42,24.09,39.2,12.75
ginda,0,IN,1547483553,66,30.69,78.49,27.64,2.73
bonfim,8,GY,1547483553,35,3.36,-59.84,95.9,12.8
lompoc,90,US,1547482500,74,34.64,-120.46,55.94,11.41
launceston,40,AU,1547481600,93,-41.43,147.14,62.6,5.82
dickinson,90,US,1547481360,91,46.88,-102.79,23.0,4.7
roebourne,0,AU,1547483553,82,-20.77,117.15,77.9,5.53
benguela,24,AO,1547483554,99,-12.58,13.4,77.59,6.42
cork,75,IE,1547481600,81,51.9,-8.47,46.4,5.82
rawson,0,AR,1547483554,23,-43.3,-65.11,93.61,8.99
itaituba,75,BR,1547478000,100,-4.26,-55.99,71.6,2.24
skelleftea,90,SE,1547481000,85,64.75,20.95,21.2,12.75
gamba,0,CN,1547483555,30,28.28,88.52,-18.67,2.95
amahai,20,ID,1547483555,100,-3.31,129.0,83.12,6.64
ignacio de la llave,40,MX,1547480700,83,18.73,-95.98,75.2,5.82
lichuan,76,CN,1547483565,94,30.3,108.94,31.06,2.06
baiyin,40,CN,1547481600,61,36.55,104.13,15.8,4.47
ous,0,RU,1547483566,78,60.91,61.52,6.62,5.75
dodge city,90,US,1547481240,95,37.75,-100.02,30.02,9.17
vung tau,24,VN,1547483566,93,10.35,107.08,79.66,11.23
at-bashi,44,KG,1547483566,56,41.17,75.81,-11.29,2.51
phetchaburi,64,TH,1547483566,97,13.1,99.94,82.49,10.22
kakonko,20,TZ,1547483566,89,-3.28,30.97,64.22,4.63
kaduna,12,NG,1547483370,20,10.52,7.44,90.78,4.63
brokopondo,40,SR,1547481600,66,5.06,-54.98,86.0,8.05
tias,0,ES,1547481600,59,28.96,-13.65,68.0,9.17
moron,0,VE,1547483567,51,10.49,-68.2,83.12,4.97
san rafael,92,AR,1547483410,45,-34.61,-68.33,66.2,8.32
channel-port aux basques,56,CA,1547483567,100,47.57,-59.14,27.23,12.24
padang,75,ID,1547478000,100,-0.92,100.36,73.4,1.12
mogadishu,36,SO,1547483505,98,2.04,45.34,79.34,18.72
dimona,0,IL,1547483568,66,31.07,35.04,52.25,10.22
aldergrove,5,CA,1547482560,74,49.06,-122.49,41.0,3.36
dawlatabad,76,AF,1547483568,68,36.41,64.91,47.89,3.62
grants pass,90,US,1547482500,92,42.44,-123.33,35.96,2.73
ostroleka,75,PL,1547481600,86,53.09,21.58,28.4,11.41
axim,8,GH,1547483569,100,4.87,-2.24,82.4,13.13
razole,0,IN,1547483569,100,16.48,81.84,76.37,6.08
nagapattinam,8,IN,1547483569,83,10.76,79.84,73.13,10.33
healesville,12,AU,1547481600,88,-37.65,145.52,66.2,3.36
urusha,0,RU,1547483569,26,54.05,122.9,-18.99,2.51
wamba,68,CD,1547483569,28,2.14,27.99,84.61,3.96
necochea,12,AR,1547483451,85,-38.55,-58.74,76.82,8.43
cuenca,0,ES,1547483570,68,40.07,-2.13,39.38,7.87
yar,76,RU,1547483570,87,58.24,52.11,15.98,11.01
songjianghe,80,CN,1547483570,71,42.18,127.48,9.46,4.63
aykhal,0,RU,1547483570,0,65.95,111.51,-55.12,2.73
sompeta,48,IN,1547483571,80,18.93,84.6,65.3,1.72
puksoozero,80,RU,1547483571,87,62.59,40.61,23.59,14.36
santa maria,40,BR,1547478000,66,-29.69,-53.81,87.8,4.7
olecko,80,PL,1547483572,84,54.04,22.49,28.99,17.16
ishigaki,44,JP,1547483572,100,24.34,124.16,71.74,6.42
galesong,75,ID,1547481600,100,-5.32,119.37,77.0,3.36
comodoro rivadavia,0,AR,1547481600,19,-45.87,-67.48,78.8,6.93
kholodnyy,20,RU,1547483572,0,62.72,147.95,-42.16,3.29
mae sai,0,MM,1547481600,100,20.44,99.89,66.2,1.5
kolokani,0,ML,1547483573,15,13.58,-8.03,86.45,7.31
puerto asis,90,CO,1547481600,100,0.51,-76.5,71.6,4.7
naberera,24,TZ,1547483573,89,-4.2,36.93,66.97,6.31
kitob,75,UZ,1547481600,40,39.12,66.88,51.8,4.7
beringovskiy,80,RU,1547483574,92,63.05,179.32,-4.36,30.8
darhan,0,MN,1547483446,23,49.49,105.92,-17.59,5.75
chingirlau,68,KZ,1547483574,76,51.09,54.08,13.42,1.28
alenquer,20,BR,1547481600,94,-1.95,-54.74,80.6,11.41
natal,40,BR,1547481600,74,-5.81,-35.21,84.2,18.34
lidkoping,0,SE,1547481000,50,58.51,13.16,33.8,20.8
miyako,75,JP,1547481600,81,33.63,130.94,46.4,5.82
dakar,0,SN,1547481600,24,14.69,-17.45,91.4,8.05
champerico,40,MX,1547480400,53,16.38,-93.6,77.0,12.75
guaranda,40,EC,1547481600,48,-1.59,-79.0,64.4,4.7
bambous virieux,40,MU,1547481600,69,-20.34,57.76,82.4,10.29
bilma,0,NE,1547483586,28,18.69,12.92,54.77,6.42
alta floresta,48,BR,1547483586,65,-9.87,-56.08,87.67,2.95
saint anthony,20,US,1547481360,71,43.97,-111.68,6.98,4.97
aqtobe,90,KZ,1547481600,79,50.28,57.21,19.4,8.95
huntingdon,75,GB,1547481360,70,52.33,-0.18,46.4,3.36
southbridge,75,US,1547481360,68,42.08,-72.03,28.04,9.17
noumea,40,NC,1547481600,88,-22.28,166.46,69.8,11.12
chop,36,UA,1547481600,51,48.43,22.21,35.6,6.71
weymouth,24,US,1547481360,74,42.22,-70.94,32.0,6.93
alexandria,90,US,1547482500,70,31.31,-92.44,42.8,8.05
tigzirt,36,DZ,1547483587,93,36.57,4.2,45.19,1.95
cabedelo,75,BR,1547481600,62,-6.97,-34.84,87.8,14.99
quelimane,75,MZ,1547481600,88,-17.88,36.89,78.8,3.36
buta,32,CD,1547483587,50,2.79,24.73,85.24,3.18
jalu,0,LY,1547483588,42,29.03,21.55,52.88,10.56
jardim,8,BR,1547483588,51,-21.48,-56.15,94.73,11.12
sackville,20,CA,1547481600,77,45.9,-64.37,6.8,5.82
whitehorse,90,CA,1547481600,84,60.72,-135.06,5.0,2.39
mughal sarai,0,IN,1547479800,77,25.28,83.13,60.8,5.82
langarud,0,IR,1547481600,87,37.2,50.15,50.0,9.17
kattivakkam,20,IN,1547481600,78,13.22,80.32,75.2,6.93
shadegan,90,IR,1547481600,88,30.65,48.67,66.2,13.87
khobi,0,GE,1547481600,56,42.32,41.9,42.8,6.93
